INSERT IGNORE INTO roles (id, code, name, description, created_at, updated_at) VALUES
('00000000-0000-0000-0000-000000000001', 'SYSTEM_ADMIN',   'System Administrator',   'Platform-wide administrative access',          CURRENT_TIMESTAMP, CURRENT_TIMESTAMP),
('00000000-0000-0000-0000-000000000002', 'HOSPITAL_ADMIN', 'Hospital Administrator', 'Administrative access scoped to one hospital', CURRENT_TIMESTAMP, CURRENT_TIMESTAMP),
('00000000-0000-0000-0000-000000000003', 'DOCTOR',         'Doctor',                 'Clinical user scoped to one hospital',         CURRENT_TIMESTAMP, CURRENT_TIMESTAMP);

INSERT IGNORE INTO privileges (id, code, description, created_at, updated_at) VALUES
('10000000-0000-0000-0000-000000000001', 'alerts.read',       'Read alerts',                CURRENT_TIMESTAMP, CURRENT_TIMESTAMP),
('10000000-0000-0000-0000-000000000002', 'alerts.manage',     'Manage alerts',              CURRENT_TIMESTAMP, CURRENT_TIMESTAMP),
('10000000-0000-0000-0000-000000000003', 'users.read',        'Read users',                 CURRENT_TIMESTAMP, CURRENT_TIMESTAMP),
('10000000-0000-0000-0000-000000000004', 'users.manage',      'Create/update users',        CURRENT_TIMESTAMP, CURRENT_TIMESTAMP),
('10000000-0000-0000-0000-000000000005', 'roles.manage',      'Manage RBAC roles',          CURRENT_TIMESTAMP, CURRENT_TIMESTAMP),
('10000000-0000-0000-0000-000000000006', 'diagnosis.create',  'Create diagnosis entries',   CURRENT_TIMESTAMP, CURRENT_TIMESTAMP),
('10000000-0000-0000-0000-000000000007', 'hospitals.read',    'Read hospitals',             CURRENT_TIMESTAMP, CURRENT_TIMESTAMP),
('10000000-0000-0000-0000-000000000008', 'hospitals.manage',  'Create/update hospitals',    CURRENT_TIMESTAMP, CURRENT_TIMESTAMP),
('10000000-0000-0000-0000-000000000009', 'patients.read',     'Read patients',              CURRENT_TIMESTAMP, CURRENT_TIMESTAMP),
('10000000-0000-0000-0000-000000000010', 'patients.manage',   'Create/update patients',     CURRENT_TIMESTAMP, CURRENT_TIMESTAMP),
('10000000-0000-0000-0000-000000000011', 'diseases.read',     'Read diseases',              CURRENT_TIMESTAMP, CURRENT_TIMESTAMP),
('10000000-0000-0000-0000-000000000012', 'diseases.manage',   'Manage diseases catalog',    CURRENT_TIMESTAMP, CURRENT_TIMESTAMP),
('10000000-0000-0000-0000-000000000013', 'specialties.read',  'Read specialties',           CURRENT_TIMESTAMP, CURRENT_TIMESTAMP),
('10000000-0000-0000-0000-000000000014', 'specialties.manage','Manage specialties catalog', CURRENT_TIMESTAMP, CURRENT_TIMESTAMP),
('10000000-0000-0000-0000-000000000015', 'outbreaks.read',    'Read outbreaks',             CURRENT_TIMESTAMP, CURRENT_TIMESTAMP),
('10000000-0000-0000-0000-000000000016', 'outbreaks.manage',  'Manage outbreaks',           CURRENT_TIMESTAMP, CURRENT_TIMESTAMP),
('10000000-0000-0000-0000-000000000017', 'states.read',       'Read states',                CURRENT_TIMESTAMP, CURRENT_TIMESTAMP),
('10000000-0000-0000-0000-000000000018', 'states.manage',     'Manage states',              CURRENT_TIMESTAMP, CURRENT_TIMESTAMP),
('10000000-0000-0000-0000-000000000019', 'diagnosis.assist',  'Use the AI diagnosis assistant chat', CURRENT_TIMESTAMP, CURRENT_TIMESTAMP),
('10000000-0000-0000-0000-000000000020', 'admin.operations',  'Access hospital admin operational features', CURRENT_TIMESTAMP, CURRENT_TIMESTAMP),
('10000000-0000-0000-0000-000000000021', 'isSystemAdmin',     'Access system administrator features', CURRENT_TIMESTAMP, CURRENT_TIMESTAMP);

INSERT IGNORE INTO role_privileges (role_id, privilege_id) VALUES
('00000000-0000-0000-0000-000000000001', '10000000-0000-0000-0000-000000000001'),
('00000000-0000-0000-0000-000000000001', '10000000-0000-0000-0000-000000000002'),
('00000000-0000-0000-0000-000000000001', '10000000-0000-0000-0000-000000000003'),
('00000000-0000-0000-0000-000000000001', '10000000-0000-0000-0000-000000000004'),
('00000000-0000-0000-0000-000000000001', '10000000-0000-0000-0000-000000000005'),
('00000000-0000-0000-0000-000000000001', '10000000-0000-0000-0000-000000000006'),
('00000000-0000-0000-0000-000000000001', '10000000-0000-0000-0000-000000000007'),
('00000000-0000-0000-0000-000000000001', '10000000-0000-0000-0000-000000000008'),
('00000000-0000-0000-0000-000000000001', '10000000-0000-0000-0000-000000000009'),
('00000000-0000-0000-0000-000000000001', '10000000-0000-0000-0000-000000000010'),
('00000000-0000-0000-0000-000000000001', '10000000-0000-0000-0000-000000000011'),
('00000000-0000-0000-0000-000000000001', '10000000-0000-0000-0000-000000000012'),
('00000000-0000-0000-0000-000000000001', '10000000-0000-0000-0000-000000000013'),
('00000000-0000-0000-0000-000000000001', '10000000-0000-0000-0000-000000000014'),
('00000000-0000-0000-0000-000000000001', '10000000-0000-0000-0000-000000000015'),
('00000000-0000-0000-0000-000000000001', '10000000-0000-0000-0000-000000000016'),
('00000000-0000-0000-0000-000000000001', '10000000-0000-0000-0000-000000000017'),
('00000000-0000-0000-0000-000000000001', '10000000-0000-0000-0000-000000000018'),
('00000000-0000-0000-0000-000000000001', '10000000-0000-0000-0000-000000000019'),
('00000000-0000-0000-0000-000000000001', '10000000-0000-0000-0000-000000000021'),
('00000000-0000-0000-0000-000000000002', '10000000-0000-0000-0000-000000000001'),
('00000000-0000-0000-0000-000000000002', '10000000-0000-0000-0000-000000000002'),
('00000000-0000-0000-0000-000000000002', '10000000-0000-0000-0000-000000000003'),
('00000000-0000-0000-0000-000000000002', '10000000-0000-0000-0000-000000000004'),
('00000000-0000-0000-0000-000000000002', '10000000-0000-0000-0000-000000000007'),
('00000000-0000-0000-0000-000000000002', '10000000-0000-0000-0000-000000000009'),
('00000000-0000-0000-0000-000000000002', '10000000-0000-0000-0000-000000000010'),
('00000000-0000-0000-0000-000000000002', '10000000-0000-0000-0000-000000000011'),
('00000000-0000-0000-0000-000000000002', '10000000-0000-0000-0000-000000000013'),
('00000000-0000-0000-0000-000000000002', '10000000-0000-0000-0000-000000000015'),
('00000000-0000-0000-0000-000000000002', '10000000-0000-0000-0000-000000000016'),
('00000000-0000-0000-0000-000000000002', '10000000-0000-0000-0000-000000000017'),
('00000000-0000-0000-0000-000000000002', '10000000-0000-0000-0000-000000000020'),
('00000000-0000-0000-0000-000000000003', '10000000-0000-0000-0000-000000000001'),
('00000000-0000-0000-0000-000000000003', '10000000-0000-0000-0000-000000000006'),
('00000000-0000-0000-0000-000000000003', '10000000-0000-0000-0000-000000000009'),
('00000000-0000-0000-0000-000000000003', '10000000-0000-0000-0000-000000000010'),
('00000000-0000-0000-0000-000000000003', '10000000-0000-0000-0000-000000000011'),
('00000000-0000-0000-0000-000000000003', '10000000-0000-0000-0000-000000000013'),
('00000000-0000-0000-0000-000000000003', '10000000-0000-0000-0000-000000000015'),
('00000000-0000-0000-0000-000000000003', '10000000-0000-0000-0000-000000000019');
